0,1,2,3,4,5,6,7,8,9,10,11,12,13,14,15,16,17,18,19,20,21,22,23,24,25,26,27,28,29,30,31,32,33,34,35,36,37,38,39,40,41,42,43,44
-0.1769833768970533,-0.01369814059046015,0.08359792968655647,-0.1121078048362678,0.07302295764816884,0.17695415946199144,-0.10634015376004118,0.013343131520666577,0.23279412072008376,-0.03036290213268505,0.13589517356708802,0.15830497585720216,0.05999596407391981,0.12591193464029424,0.20963139044863555,-0.22789417431679154,-0.14592975749989998,-0.00449571985317843,-0.23321360008141198,0.01661596176607508,0.11212293106387415,-0.14596213372836675,-0.011317845132817951,0.1447361875496877,-0.24194455621971295,0.1642204534050004,0.07532857096071181,-0.2072449451202843,-0.024170678627706475,0.15558408322277711,-0.13358737843783455,0.07250384024761468,0.11337033026940913,-0.16006075100173298,0.0113236919193212,0.19212330306165434,-0.39476590618648955,-0.053981739789284396,-0.04396986661905366,-0.1753599990606467,0.07082270540897079,0.2733787239700539,-0.12652213890006003,-0.0070578377010673465,0.10538888602309016
0.22673891823091827,-0.08938535314917992,0.3147472359445861,0.0954165787519341,-0.12327805702143685,-0.10123876643811947,-0.12088855612626412,-0.02901795638766877,-0.05168512281555246,-0.03435376659206811,0.043719511250805344,-0.15037622044548132,-0.04449479724860803,0.1473149924665735,0.0397638306318035,0.0041006994296133815,-0.354754603769785,0.05137398215448412,-0.009639221905195573,0.058170055476677016,0.016468015985068397,0.002818890348153655,-0.23241355935452263,-0.04760809844600244,0.19378369811840335,0.06554443806821526,-0.25131163926367783,0.1175077534738104,-0.07023553305780746,0.26717754274570243,0.19107045062811565,-0.14558833534356627,-0.13271712531332036,-0.09832587489136216,-0.2094404395480504,0.15911299599930562,0.10547909023278842,-0.03723258209810004,-0.14591878817402765,0.17952073788215045,0.1565829380733921,0.18615164861048358,-0.14919833782118228,-0.15884157745603195,0.16538030816402768
-0.25025531195181855,0.29768027662858004,0.01092173067732971,0.05989904418282288,-0.10682168987233431,-0.08157318133483438,0.012700191421516557,0.058806508331872606,-0.17134937321629504,-0.11160029172406113,-0.15087785285710442,-0.23328002665819753,-0.3159945515002128,-0.045091920742114905,-0.22257987390549158,-0.04112224693896022,0.0090545533932949,0.2411114560076083,-0.02874200919430415,0.32708375519892136,0.12081795826672724,0.14837923962670152,0.06177774043735306,0.08735556131731156,-0.1103033971539694,0.006895500207448246,-0.04715201977825614,0.08283081493771709,0.1182144761164266,0.09590324566720886,-0.11489533713439323,0.03154693293141793,-0.09468887371886509,0.0974989186989166,0.019512347878244882,0.06711315969301108,-0.03941121743003151,0.21692581816384743,-0.04226178531909406,-0.30380035685664925,0.23942648712250697,-0.006223659841566593,-0.14876791744070364,0.11438086597306418,0.140956311689408
0.2600595856486755,0.1790599812910566,-0.033679545130746086,-0.0028182338988014255,0.13980360375736733,0.12403855356959892,0.014980678283711468,0.032046256648200364,0.032733633787514746,0.15846358558951867,0.18250263795125185,0.13218396493104995,-0.004060219068745197,0.1692932058860587,-0.13820579624160553,0.04041637211771217,-0.0904783658402568,-0.1860575325070878,-0.016298323108176648,0.23025421810995353,0.0718362308950723,0.017549785201547742,-0.2542069298711535,0.06614665558966466,0.009186753294558224,0.13991252360512313,-0.12732931452788865,0.061341414295301926,-0.2099766740536272,0.12011709946377748,0.0016949226419485804,0.10755971233482525,-0.13589868575555458,0.24390191521199747,0.07128736945510292,-0.29066231397892633,-0.21185672007034692,0.03986289073807593,-0.2729036916880107,-0.1996492352643205,-0.18176221816657484,-0.3071955387904729,0.023555991435800762,-0.0062293151354873375,-0.0005208886366833563
-0.13391818676548145,0.12061783629176137,-0.07746823213097111,-0.28082480531768533,0.17754244164796057,-0.037143392640134595,0.03803439074966397,0.33764157217932067,-0.26917128522781675,0.12627124749176766,-0.15636925798412124,-0.03720167962206602,0.05402867394014062,-0.10667407894053343,0.015525835818794437,0.020470219786264746,-0.09854855792284593,-0.16392030448410397,-0.028459021157536523,0.08848933526993513,-0.059093044866627815,-0.08780348513543162,-0.20279999373371504,0.054194311219021844,-0.09412067512183227,0.17165354098243268,0.011883090387792486,-0.19026261493478266,-0.11297200769833364,-0.14888740870897257,0.2952617716986691,-0.040222391465885556,-0.10434988769864628,-0.08018324322451172,0.009748538593228998,0.0505769700415368,-0.09698270537081244,-0.007963955339566422,0.1293761820627786,0.3207039407806424,0.21816509385438856,-0.11874038193788788,0.06737505466258129,0.21127676733286144,0.21524378263875946
0.11532008560947568,0.11258005490890062,0.2679080609620148,0.13423156802909728,0.01308959174603902,0.01844262124359411,0.3510386519718748,0.09447790425314079,0.10605480156014957,-0.010216669579106052,-0.0004306209270784622,-0.0637108131145821,0.23762200747248036,-0.010270785711051767,-0.005098607825526011,0.15317420894782005,0.08744009620196441,-0.04606791908259626,-0.09834788960691628,-0.08817632369733444,-0.06640192955546256,0.14680916497339863,0.2239995732943524,-0.11054076969795208,-0.06682041993521336,-0.15251700361631806,0.05457655476922007,-0.07272286081734153,-0.22387105188719578,-0.08525235519502833,-0.20304820524120828,0.06488573268523472,-0.21267528524414075,-0.16615735270515156,-0.41897876090413233,0.10421848037345494,-0.19373176259225147,0.09355961861147365,-0.12631785208040133,0.028987246184280505,0.16264555178844248,-0.17628001962400416,-0.07394574616774505,0.12553969061836737,-0.02502026139703426
-0.021996146385981623,0.09520233539872909,-0.14684157372887074,-0.41016379725637886,-0.2997870730877987,-0.0515786525615796,-0.23622691619338895,0.11894362700296907,0.21071676379257964,-0.16906360887735478,0.15150256512465143,0.04915289259078581,0.14553285999994683,-0.06567647106543233,-0.034203278654855125,0.0848348137158257,0.17409667394580042,0.12185296577624141,-0.04910447426966162,0.12217999399805263,-0.05402078058467789,0.4222242498331345,0.06718291501487583,-0.10392856638211054,-0.16774759636637895,0.05219749891229745,-0.12944902749585863,0.11176663773668603,-0.24140277549169017,0.11942768850949641,0.1927152683410208,0.05013982264944797,-0.031489901691521376,-0.062076538845257455,-0.05615238114250915,0.09270537483930326,0.07503522397424987,-0.12590920910848347,-0.04062844752181845,0.02113648933471521,-0.12614296831005473,0.06091215587714329,0.0836100733120903,0.06297262532255155,-0.06245132998092962
0.14151282824542136,0.1524003359961682,-0.38525556011915013,0.1637999507836105,-0.10260918299818528,-0.011710767185224902,-0.03981570723235371,0.30502949673201124,0.02443638617756516,0.1903321425999968,0.055428724560157905,0.07406359320505146,-0.04788110166758469,0.025222119980568836,0.04088037417525889,-0.16231463769231547,-0.24105054413600327,-0.0255026393488159,-0.03301766279111673,-0.24092026301959682,-0.011734044148727103,0.025606206371607588,0.012813630098791792,-0.31899642769466646,-0.034177253327725095,-0.07059627495411078,-0.059437826875581454,0.13457898441373944,0.06671444789822487,0.017814903231636647,-0.2979953632817339,-0.052051020656375645,-0.1486497747304866,0.23792259858579495,0.08910426333860443,0.3188667158831245,-0.003412760061166624,-0.18713543322169499,0.017452910971285273,0.015661252445496026,0.09434061539392448,0.028612906563594637,0.07530359299937939,0.11532348899114797,0.05104177550045334
-0.023074493896930816,0.40125660337034896,0.27464352047994006,-0.28494791371256295,-0.14207035404456192,0.037380915997384495,0.2345796624040109,-0.014095210137323774,0.09860271077386612,0.059846863005064845,0.029915246541373775,0.030102572912133016,0.0258036407542847,0.02684377450159383,-0.19051346410632497,-0.3261911220856937,0.07113025990114658,0.024824120129581018,-0.10150632274580706,-0.25473320830491664,0.10755522431862755,-0.14284379732551297,-0.1073855502753901,0.13292112786218527,-0.04532668346663325,0.02584355646265854,0.05671996177861443,-0.11378042936526388,0.03305974886013726,0.043302548118764814,-0.11325346069393864,-0.1741713447646212,-0.05545572589311907,0.11970603372585807,-0.007696328705330312,-0.03143740137996351,0.4036024017465424,0.002308735177001579,-0.05589376641749943,0.12834622465557166,-0.18241776250605132,0.025394529827859693,-0.05825008966229594,0.011821204675881061,0.019533241509317147
0.14442523883197464,-0.052589500554109436,-0.006471788033564692,0.12446272394167612,-0.14474564800507653,0.0632893118172228,-0.04144210196159842,-0.20468342208795903,-0.1987028481086467,-0.0924482979735429,-0.08303795957209498,-0.23013634207400166,0.2395838732112483,0.06142966984214926,0.08522880025966256,-0.14204069740708264,0.2870309267931977,-0.38750864515389577,-0.07923754074406514,0.15690428203982518,-0.08233358633067675,-0.07074518288421916,0.0877861381777407,-0.009247193767714615,-0.1540175705288632,-0.11478707038230837,-0.08891588750187654,-0.15959678275547381,-0.1297124965231198,0.25621064763708545,-0.0522341191135065,0.03518876292218115,0.06499676394260087,0.2410499401869473,0.10220009091710815,-0.07783929496367013,0.12803857784926495,-0.19613456815015679,0.03386478483081007,-0.02147082908891305,0.1763709946389078,0.13003583507693467,0.023928940655657493,0.20752150852641676,0.1705315615675249
-0.03470499725231388,-0.26279384212648493,-0.07730589839240529,0.04946479335443704,-0.07277637738707989,-0.05209393271131248,0.183965526511526,0.057191403393825245,0.16403707191386097,0.20282221794820454,0.20473023991853398,-0.02600503496372078,-0.1620585320742929,-0.17600600853349557,-0.27595562736328066,0.10191324057152712,-0.09800983776267491,-0.3996136533456975,0.19670961719546454,0.08051206237788217,0.017721977162685504,0.13906196731709286,0.07148453733543095,0.23637998355337891,-0.08206047838157032,0.03176492884948917,0.005224387542528177,-0.14741527562236606,0.06766045115856428,-0.010914410670352405,-0.03291042676896492,-0.10389065192232551,-0.23747619873792378,-0.17287710026732278,0.0327668054718831,0.047012265461725676,0.12655963927643105,0.057863001332112515,-0.11027166752461205,-0.09758000943409845,-0.06829860163572012,0.34019145806408885,0.12845742262314255,0.09707686916371985,0.06044669538047622
0.0239176559651143,-0.14666719025243802,0.3046014618086192,-0.2708924151160582,-0.027192630945055852,-0.0645361692797454,0.10587294853300114,0.03477204551730903,-0.07936291535297592,0.11521586412647467,-0.0798567904838911,-0.12198702211383722,0.12298353897715543,0.07241173847744926,0.07490457394129511,0.07192562496295946,-0.21956693254022253,0.10571966432014454,0.15396805289678586,0.0324395945235636,-0.05739693507651433,-0.028199837462633215,0.22822998228864172,-0.2583331099831424,-0.21820054876842393,-0.06783513680412454,0.019336023874677245,-0.11786201752763292,0.36889282670188656,0.07844972966359932,0.16777992471092373,0.13612478375582296,-0.2338271593467588,0.2591739078467922,0.06312866476654595,-0.02191971491103332,-0.13844361658428106,-0.09599878033808677,0.053856491931734696,-0.14987083506540433,-0.2727730849940503,-0.00404388517647374,0.03211777036857527,-0.016054831846875634,0.06499869001058813
-0.08571317028032774,-0.020118258479563278,-0.16511375663647376,-0.13104441288183294,0.08018737502979809,-0.1543929844094328,-0.03889787136424494,-0.12006812729167453,0.1299475014951981,0.1684003130429412,0.24681723107490353,-0.1166485646619263,-0.030382435179040893,0.027799547452847073,0.0024616135793941174,0.24746206013377936,0.23000815540279845,0.2539990566944656,0.11123734593257054,0.128451951435212,-0.06716078157024832,-0.36913007058580255,0.10276402747203135,0.12174763366188528,0.2279292526358158,-0.025436225485545846,-0.11939972678217896,-0.16431424477676373,-0.12228616515891307,0.02308216381113899,-0.15670787994878346,-0.11909131894209463,-0.09713444691720079,0.10905882330554256,-0.12756098459928839,0.20861629367036785,-0.011815151141307744,-0.20532096949356218,0.054431872340879046,-0.014800656529631431,-0.09107369881931995,-0.13436064799615624,-0.09522856427281227,-0.0016268974209381938,0.3104257934534902
0.009784313411493476,0.18675398056969442,0.16394209035231144,0.024631170551525357,0.05861115607849501,0.1572059790545574,-0.32365172069112835,-0.04123202788275999,-0.005613579027144074,0.581156456273557,0.16534646697245228,-0.031890819063134006,-0.08354887205927228,-0.1759839439457594,0.003643353650913537,-0.04211711880112855,0.08131480816360896,-0.04988104634097314,-0.041581805657844,-0.01936141301595462,-0.13750215121246007,-0.03743173137929501,0.1579816277941901,-0.030183899026435035,-0.1335873351595836,-0.2176665093141486,-0.10926166676369972,0.13041826099062076,-0.020924115221949494,-0.051754411900019955,0.22665024481509483,-0.1586446589947698,0.0695402695907869,-0.009965761921139949,-0.08479713979038886,-0.08753607636840459,-0.03700834943587816,0.06115514745152082,0.13478285586541902,-0.07934661934394005,0.10814281948048454,0.08691388382921834,-0.24077199963618562,0.037836164686450915,-0.19456627762900575
0.03377519755045221,0.00972213724719446,-0.30476110901056086,-0.04100900142483454,-0.019703592496998143,0.025999603145602658,0.41187007027040884,-0.05454569986302743,0.01939053967341267,-0.016173295197630763,0.035941425004736405,-0.11737199764120741,0.05356812225804127,0.07796973188621245,0.20389030789196433,0.18866206051842654,-0.01248680118078195,0.04626459615598888,-0.21599201933071396,-0.10144713760596569,0.05040869516716634,-0.08200372213561427,-0.17308212721847882,0.01405063190662785,-0.059255444831642495,-0.11574460355264102,0.039737547633036496,-0.05365044680133705,-0.049284065341124145,-0.03603816444064992,0.4422067416029859,-0.16627678155305603,0.03456425061906019,0.14211569496488383,-0.003055636560704414,0.17557132672024026,0.11438838848966906,0.09327781819974883,-0.09560510905115922,-0.3692567023166337,0.1097570754817541,0.08969106740382055,-0.0830109090974062,-0.06799061235243756,-0.17507805078682917
-0.07787221255296553,0.01674432648805879,0.006989990674250907,0.0018149564435054409,-0.03131810711658732,0.16016369126468727,0.007680900552117648,-0.27693751105045306,-0.04254152086963276,0.12555254706103877,-0.10854301800694163,-0.08431647266643594,0.4121848944941471,-0.1455797222375526,-0.14597849023501028,-0.2028903599763053,-0.1773256655532947,0.015682893684060478,0.053681619632874183,0.22465339755267696,0.14900832421994742,0.13547471179414858,0.049354100283906355,0.08764689137918513,0.21522688821186456,0.1541682613405922,-0.05339080956591982,0.0802306741501102,-0.007179890417066875,-0.4625491915738286,0.019339660050846745,0.030339555723917236,0.030776413020677115,0.11968827331977716,0.005728122821345131,0.2692383496075712,-0.026256244031218554,-0.22496423121801956,-0.13971057074449575,-0.05146426801906015,0.007867943796598553,0.024739401833558695,-0.029923746626166498,-0.044819978649931584,-0.0704147782905746
-0.06420461409138846,0.11413488105950918,0.23140006122229154,0.3322437120826952,-0.022468050299111416,-0.04219007526859957,-0.06770089503734757,0.05394752037614277,0.08910165794955213,-0.16834404228596642,0.021753061813458978,0.07876261990977745,-0.09762048316923724,-0.007322897994077503,-0.14084214594421354,-0.1541608697997599,0.2453322348878372,-0.10393135372611,-0.05538662798575047,-0.007810283622759116,-0.14589485867064433,-0.2066914645202094,-0.15614929955893783,-0.09237724402831352,0.050734032212419455,0.13492436288618875,0.02770134881866229,0.10226612425136997,0.04574808023645327,-0.08398385594345026,0.3205768800140019,0.042084834725586204,-0.17970669877392043,-0.07861081893438587,-0.11034329211758183,0.24454478038003713,-0.059980155218977683,-0.1889183239355043,0.19761092557967003,-0.28592981190351524,-0.17288942420546105,-0.04667887544485342,0.28585338936576604,0.10850392611090846,0.012912028597749151
0.18294422471209598,0.11103770714789044,-0.11119318074555914,0.1381892697243486,0.1539631242544326,-0.045604330875500976,0.06379602362421535,0.36458991114201234,0.04582380663728515,0.026549429309730588,-0.05639076012459217,-0.2816609117881128,0.22163578355851646,-0.16674370306717767,-0.06970682612572415,-0.00975932852200763,-0.002544128651796873,0.2002995895211582,-0.2348257355061176,-0.017095496751337924,-0.0002697128790958847,-0.121198623893536,0.12899577022502723,0.021595351076077823,0.06101380417303334,0.11010968809213956,-0.23097010267048518,-0.008828290238154405,0.10151099513376252,-0.020392495650488618,0.006619049968401083,0.12706482565411525,0.10144804517365183,-0.30571510497881504,0.06821878099804124,-0.3378133235999497,0.09827866206861664,-0.1907057136073489,-0.06903871753009473,-0.1509339860926892,-0.1312085711393693,0.1979260308255085,-0.015093695897571922,-0.06483736469606469,0.11092023201153049
0.024086775795872702,-0.286363742220199,0.1416018341706206,0.12095800862585668,0.19454343626660417,-0.02952378119920497,-0.09265770480779516,0.15426455484036983,0.017523134277304484,-0.11024840598365636,0.0957517521105919,0.09794016102161865,-0.06807314935294326,-0.4650789984594694,0.06055063909545306,-0.058923356260287864,0.05286973728270239,0.004530794998643048,-0.14687460721800893,-0.10007809298498663,0.1897724370231605,0.13233221129370776,-0.03907392729151048,-0.09784061642013864,-0.10021000624677524,0.051510948883833174,0.02853478337400181,-0.07497441147122658,-0.18771209525875346,-0.10930205448682502,0.04518020619195243,0.08668353542049256,0.04752584069932464,0.3667510081874731,-0.058475046393391315,0.06358795991673354,0.1861059706567833,0.1260725907688525,-0.0034017892608887296,-0.06259531659111427,-0.12031888994755585,-0.052579053325002206,-0.2498697979331651,-0.07915492393481066,0.30465144614576023
0.12762837903624288,0.31083638871924085,0.09975528212799412,-0.1355226029727889,0.05543026286008455,-0.04945855856944213,0.2175159485547279,-0.002406402440216518,0.2072492478845897,-0.2350083610607162,0.02644015456569919,0.0284050725407793,-0.15233178813635811,-0.3702729080210115,0.1891873115411914,-0.049962014023678475,-0.09286701538607346,-0.09289725006826666,0.3834730158845995,0.16091901614513276,-0.157130874415939,-0.11847463822528864,-0.091348681689923,-0.052757787978783714,0.011760639523382799,-0.22709422642227242,-0.08683440792775754,0.05257457386701875,-0.11663894197290717,-0.08509313584992179,-0.04292193203387312,0.0855560535643592,0.11938016405887047,0.07650765332287983,0.08457598516849896,-0.04951739664878274,-0.12819246998174139,-0.12744237091424482,0.042135616928930295,-0.014429196504253389,0.1568722391566903,0.1889424717871595,0.062051867389183474,-0.2167570922838838,0.008162708900874546
-0.29306989329012234,0.07492923209955978,-0.08138148941583981,0.11106885512558812,-0.008018333023492197,0.048422043646602575,0.16587949387510803,0.0433077577885187,0.0015989342339632479,0.16125049872051878,-0.26795197792956293,0.07981614799672995,-0.11987080047877004,0.12724409315553925,-0.08348016866398941,0.053834372843674094,0.04476869947577439,-0.13776903664484053,0.08408287536934195,0.132097081051597,0.16079579004663086,-0.14662726266165937,0.06167037269388588,-0.32370854878761235,0.07910787325820215,-0.05206100055678006,-0.10296712501871827,-0.022783910563396403,-0.2661207011733736,0.13968470611082623,0.09396066624912763,0.33416556259139996,0.11157204531713076,-0.05640192858842542,-0.017548466252884164,0.12887313988871546,0.0543372311376266,0.03324794800204532,-0.05883458875780871,0.17865705413699445,-0.31889545515240253,0.20487973175732338,-0.23883022396972176,-0.027319933852127117,-0.08561136179090022
0.3828259243788522,0.15090407060047023,0.0590722510665458,-0.16403774883467706,0.2616707281092069,0.028806478224446444,-0.18032203088978854,-0.21306922661732758,-0.10226724974728582,0.04475651515410231,-0.3587001167768715,0.06600986335863979,-0.15252822958296955,-0.02978623842121389,-0.08058080433809145,0.19944720670085542,0.11531882523826881,0.05043379917040658,0.04682604541426011,-0.2454592600524645,-0.12007507168236053,0.15028581343924147,-0.016304863190465146,-0.058867643157140784,0.08320735361422671,0.17496148749699314,-0.042138340869611934,-0.2723664071968349,-0.07750405359149398,0.0012496822856598033,-0.08667519232015189,0.027975652934021336,-0.008443742694979025,-0.07712393773494038,0.13744959978980836,0.25333415496943734,0.0019689628145729,0.06729592383026523,-0.09773342698949379,-0.19815709921391533,-0.02957204235575109,0.19648372918256796,0.030129125836374046,0.08646313626570756,-0.005163603617098153
0.053864040688113464,-0.043892568808391375,0.16853747375200598,0.08553504559332925,-0.23456019518346602,0.14493185508713377,0.08577278641677169,0.0783502407701924,-0.1458888735197932,0.027789137995886403,0.15270272861446213,-0.002552688524788946,-0.10339563987226916,0.11196690043206636,0.11073479756058249,0.2981350061010912,0.20804626108189625,0.04959978398445725,0.0716176336646212,0.0757218780230921,0.035063844628703156,-0.06759315849451092,-0.24591685306869282,-0.10551996666356134,-0.39363410502539303,0.26761912639419944,-0.28856255006668596,-0.018078401210143605,0.12584167647024724,-0.3600476325206985,-0.21726934578311166,-0.010636593338662903,0.1335316660803792,-0.03899960526255353,0.07471365248888437,0.061541118321063015,0.06482602434079854,-0.08706970568502138,-0.029256940088656702,0.07801170647579753,0.007744527599397241,0.025701017742756516,-0.07810553882537478,-0.04237935395568862,-0.0845402144104681
0.10240962083538979,-0.17616578019448487,-0.10884061382592072,-0.11940486738242517,-0.08396555322742658,-0.1818020957430866,0.165996575489808,-0.21478153339885706,0.24145275859175458,0.20096135718640143,-0.17680091480282134,0.06120163620302907,-0.03785377509080787,-0.1978813426432083,-0.11635296842376998,-0.06799256038020747,0.18085616521424347,0.02802796195503536,-0.12207000711033907,-0.013200677062777916,-0.22380563248036994,-0.167730485257499,-0.08869451442279949,-0.08844229438140566,-0.11368444782717521,0.3291353844329039,0.12278711557678224,0.3374297271038956,0.18842348536936135,0.10994863510358015,0.029672758308016384,0.2025913843033152,0.0033117286871397755,0.061640748712354046,-0.08633737658480897,-0.05099172426198757,-0.08606825012230965,0.011286116522995687,-0.1920058487795378,0.12819836877732682,0.2235936400951831,0.005097097121760388,-0.11894530173271478,0.042468853539568405,0.05732744600690473
0.1155959152966603,-0.08474929230396527,0.004513008490772748,0.047602299017939845,-0.0010727699705078125,-0.038387438506353296,-0.2286024738233241,0.25979336956866517,-0.047871164089430235,-0.15488922837208768,-0.017057061341825046,0.04957843916264028,0.12478989747553346,-0.10250566443023656,-0.19672794174276648,0.0069479435590624194,0.09953054612472748,0.14589285233238727,0.20378631078769247,0.001242199727421761,0.21464884707550075,-0.39042753853431855,0.12439695193827743,0.12739754373623136,-0.09882871758254147,0.015677065368834397,0.05140229608451766,-0.13264450228952526,-0.0483765748847822,0.08895963754856612,0.07110478452472448,0.025484309292687857,-0.16151741157026217,0.1906549621986844,-0.02539769025976529,0.06992640801499292,-0.030980675149678616,0.04141850527165114,-0.25422970747870305,0.10210213931688542,0.19357617374333402,0.0898502849859134,0.03693960400293572,-0.01956793169464173,-0.4689785106225245
-0.021232325905459187,0.23780808091965844,-0.20368534201076766,0.2867084100111084,0.09219263788335369,-0.00592308331029346,-0.1334069428167728,-0.27499822060913837,0.1286820257425521,-0.1441712315715415,-0.054240222465558964,0.07072337981583261,0.1775684122959998,0.13055899246654504,-0.09450410255940034,0.10229285203315819,-0.09060893874802928,0.1449662231219499,0.13465238022586934,-0.07103924067717912,-0.036300009773869504,-0.03445941935296055,0.0029140410582649684,-0.020631465904652965,-0.3853411992138901,-0.022380575929869032,0.08666949705172046,0.025549182967193544,-0.04922636982101525,-0.19822056905789123,0.1418705293502424,-0.13125698577995554,-0.23673749322592724,0.05699663927751181,-0.028986352229874474,-0.18986410210689164,-0.04106301246058752,0.1257654701539555,-0.01695583083774886,0.19654462120922211,-0.10546728314428552,0.24039300194668145,-0.05767959607718128,-0.02915400387853659,0.2946775419384553
-0.12584740396339286,0.08408227009070983,-0.0005649333393349873,0.01953689475762608,-0.0481154188072909,0.20549832767838808,-0.1266352693236834,0.012950356583242829,0.3168646676007273,-0.18229722553182579,0.11458336603564194,-0.11839126494688,-0.06564402733331542,0.07967448795334629,-0.18812852825313944,0.07662282374330703,-0.04021177283709271,-0.19764078066042332,0.10263436721181371,-0.21875855357590115,-0.04782463426764694,-0.00283790831166042,0.15811776782707704,-0.1871460892452011,0.12177780189512785,0.019446536472008502,-0.1253285814712713,-0.23474652301727603,0.25122602261956667,-0.056520056842792696,0.2380008307442344,0.06292600213871426,0.18963745276306565,-0.011939441177491877,0.16149492654306505,0.007533986831419148,0.025707124378756545,-0.006479767917915574,-0.27921396708640067,0.042782776468431316,0.2361383505152171,-0.2916127110755309,-0.14902367164707256,0.02796460642055306,0.14970678336049623
-0.03354688458534214,-0.2588211530949614,0.040988231721252794,-0.03653557442550139,0.2300467608235396,0.4190963339826714,0.10771826227319699,-0.016693422307042946,0.05862750747376572,-0.03838871127233365,-0.1751873156647395,0.20678141369962258,0.009909364601193491,-0.06106895476964837,-0.12773039538330486,-0.04780834953344086,-0.07277617344450522,0.2581722776961729,0.06418175642768828,0.10811103478944631,-0.0857410666336705,-0.09207547203025176,-0.08398259936165986,0.009325801508923523,-0.21534458907039802,-0.31758954715755106,-0.1823677780607963,0.18011954229431953,-0.050631470279033496,0.13729929434597946,-0.010319577360786054,-0.11768928665342819,-0.011790011832252312,-0.1807592590402895,0.09614002665832724,0.0907128641648518,0.21383271902872292,-0.12707411543629937,-0.12632404849204193,-0.043635804443153445,0.034324514027421094,-0.16450731744541164,0.08791564219487481,0.2324476331977106,0.0926378968681606
-0.5001382676400045,-0.012270167574510354,0.15682888279586724,0.04816613960066876,0.06046881615033051,-0.03798165713606497,-0.049478671305725405,0.10139492520255787,-0.07621641731820153,0.08077368892060793,0.05316109911266978,0.0008774049422746316,0.3003916573222173,-0.01380348484540761,0.017168767334699186,0.17830123928954064,0.036358705274489714,0.058453476043019745,0.19357757060107128,-0.2806532315094081,-0.2588041069324265,0.09649155539020651,-0.3154806008085972,-0.04454428377041502,0.1518886272463289,0.05478399751693755,0.04760763472867248,0.07817877620991484,-0.11230457833210895,0.12731762339734942,-0.14103857958224317,0.04951837178132986,-0.07015109928039784,0.12490567909365992,0.10327886251277896,-0.16316174859654187,0.04301976289002631,-0.06471669088552406,-0.1438857451523799,-0.2016826073382017,0.14340389779899207,0.18166128380075303,-0.024740942807073812,0.051708942861032496,-0.028634507002764598
0.10520703090028441,0.04365931424632927,0.0651632866523586,0.003499073707735157,-0.162865059352403,0.10712933041602915,0.008315856551816252,0.02376820413823255,-0.2132566577844437,-0.08553047370751517,0.1450872249789913,0.03739708541750906,-0.09160369265391037,-0.11208139570525635,-0.19108218314221154,0.23614727007225278,0.055198554140667704,0.047584829130492334,-0.2681236849527353,-0.03822728508158099,-0.022757009227473625,0.02240703394564586,-0.1437800890636238,0.15220706292165384,0.14054920303620955,-0.3651702530231634,0.2981411407575787,0.07615109049852008,0.11922854154264598,-0.04462559998160037,0.061577026472455054,0.12308162788564557,0.0016902935212119718,0.01986929853534891,0.19707688927875236,0.06165163007096207,-0.27282450559527216,-0.24709875893106908,-0.15682204985369838,0.20967383368797454,-0.14451184214563595,0.16434205319081804,-0.17660772413145465,0.12473384598929038,0.08643063264563605
0.035716270129241,0.03163741226711306,-0.09669194594086958,-0.022337758968053675,-0.036328752077465366,0.26489103065116437,0.06892555169862477,0.018833095491965,0.00020057186586239836,-0.19569080532792105,-0.09252578803060699,-0.10412646093714499,0.06266094469397873,-0.228432846851045,0.1699874212475026,0.046490958322119545,0.08524618776072002,-0.11874908418645246,0.24938107133566437,-0.11657471622752659,0.19403719726091428,-0.004663622166420181,-0.008596221313325353,0.005660931521668279,0.1373276033805778,0.23884501616221437,-0.06448014984805686,0.18938452544503123,0.13656065736737802,0.20050009057597165,-0.009028087359090109,-0.3450266055793042,-0.1058902175481642,-0.031027086548933592,-0.07213513343588102,-0.051250632230465665,-0.22556397527124905,-0.0031931433616633753,0.13597985591558426,-0.002271292883414544,-0.22184553995714423,-0.011575915032635095,-0.3337093108715649,0.2896002443962655,-0.060151545535170214
0.10314254015005889,-0.23221161296668086,-0.016686110738784017,-0.2046033534306653,0.11149713501696545,0.05139837872976265,0.0641936199891253,0.22758510729257148,-0.03659237939480191,-0.02473846934639954,0.0387184389904143,-0.11489166407978735,-0.03554912606186465,0.3564488565702708,-0.1167429756531694,-0.37528477618672307,0.38354866556147704,0.024012999424028958,0.16871191373661387,-0.03347329883765654,-0.019026466841572942,0.06714338259713265,-0.01768433568851445,-0.13165305809238584,0.12481282025363755,-0.12757432918002576,-0.014832983918307785,0.1537303661014462,-0.06536533574450742,-0.2566245817691057,0.0382600194886199,-0.13253167178855424,-0.052268242341406534,0.005695242806239523,0.057914464718542405,-0.027559650098934456,-0.2025079412090783,0.16510168671954126,-0.08484033780488853,-0.0375606166621833,0.04107646537264198,0.2143653270636771,-0.09144876941365421,-0.10849043854183572,0.16338509520872335
0.06565522679091729,-0.022065248981818025,0.011898799287921102,-0.15281804269615376,0.10836164985083949,-0.08682590325583991,-0.20444329768333963,0.10686403528807027,0.28396192492771194,-0.1419770152211888,-0.10812148760738444,0.10862188713891865,0.07877697442121881,0.16478299859704226,0.03483270550655073,0.13096935301592263,-0.0945040577503243,-0.1573264572541223,-0.15294342639999015,0.3009343055000493,-0.045543962744343275,-0.0991369432878001,-0.1860216773136021,-0.0908245181638359,0.16232763139984946,-0.151481783936028,0.04679193083831496,-0.016221754586935422,0.2166598002889448,-0.2471800430412618,-0.15716077966465355,0.04964587959802638,-0.07849568321475855,0.08015879677981264,-0.1631915074373995,-0.09281855549339663,0.24358207996860637,0.07918162240298089,0.12560498306854126,-0.09121236460894841,0.03168789073743364,0.1442552140419806,-0.23383690427888423,0.32303107946400444,-0.12443535429165398
0.07016752408917637,0.09706607886948151,-0.08379278099915978,-0.09543831389631603,-0.018042654731506565,-0.11762835131281955,-0.15235800381470935,0.06720858615385226,-0.15414456950231872,-0.01730031704422063,-0.0009792207450214224,-0.011674495532138153,0.2882314914203156,-0.00019180742922001934,0.02356142547120349,0.03414676720031237,0.026100444067262835,-0.25817826562462354,0.1887928405738072,-0.13448970241995745,-0.01210588037808391,-0.1298301644703467,-0.08439213624037192,0.2720005157142916,-0.1592231028199571,-0.185784488777491,-0.055096251598944476,0.27245066350941904,0.16948663317171758,0.042947799080279125,-0.04795270763275539,0.27393190506785814,0.07087423183569752,-0.19195139758850094,-0.04694748006363397,0.31146333222655115,0.09628552308793545,0.257685742523166,-0.031605227277373055,-0.1395227609499398,-0.13111938105397541,-0.16314092936119814,-0.12819133403577548,-0.17432424663947998,0.16300446787750658
-0.0854787612088042,0.04043362036728561,-0.036740616427246325,-0.022185576684269723,0.30382711111316396,0.08376499899673302,-0.09776700991061454,0.019924184843905204,0.15638408510359061,0.08736720221665958,-0.13319027529658847,-0.32053994170008904,-0.03951864479506108,0.0022567672821025148,-0.09535572356723798,0.10977311213344973,0.15199637133245136,-0.09333843365472108,-0.008142228828837306,-0.004179017452461541,0.26713459587014443,0.17679384558317757,-0.28302364679076863,-0.03649551288823105,-0.1398071037492581,-0.14014304406349665,0.0788967381924304,-0.00027829204663637475,0.23509544495483778,0.13661745512829787,-0.06801920183284177,-0.07400752340990006,0.174394079856939,0.12952386556138495,-0.36989544195991236,0.04771376446744552,-0.08105252501468099,-0.19414367068361288,-0.05209342105759682,0.11560720113666512,-0.027932400669235746,0.03985211103500248,0.26720505996277244,-0.19541810308604746,-0.0258154983602885
-0.07077936236576307,0.022044987739467056,0.055737655300474365,-0.27238096578506604,0.1387264130305069,0.22447417472814954,-0.029633562170034676,-0.10540696776239639,-0.15995923496735218,-0.16091145168900942,0.17124171884885334,-0.09462138439037203,-0.07790570491794527,0.019316068337528802,-0.1360443176082841,0.2578311845717057,-0.12242977870757168,-0.18983312382033976,-0.19072416122071356,-0.109373563904312,0.17920212964987192,-0.2573325985833481,0.27100272540564063,-0.19086287076993827,0.020298125287705415,0.14479231006332077,0.07490741753855669,0.4000746836726192,-0.15462920715892664,-0.06316608840262705,-0.0917107134340492,0.03766221449124052,-0.08043404324602754,0.012128043774137426,-0.021603724842957528,-0.04779692182466819,0.10266191197545822,0.01656411417341197,0.08404089947411925,-0.07068681500633958,0.1315456209270972,0.13595901629147775,0.20489381887645147,-0.08095953220391938,0.074080860624165
-0.011232209009350048,-0.06262665458493484,0.18511740281384922,0.008167925051028826,-0.17472927414551126,-0.27385199352414075,0.003645598274442552,0.027096179550967766,0.24996217132347598,0.08121303408442403,-0.2280064881223789,0.05981877279949409,0.2198859871524268,-0.054943340430708316,-0.21916913255042825,0.19957163819163148,0.003250151254317789,-0.0600876720693931,-0.15861664653487814,-0.03144096937278422,0.2461716841886519,-0.09192058688695673,-0.057315049002074236,-0.06364630349497334,0.013313133868016525,-0.1305176889248422,-0.20412713590096732,0.07363118946120326,-0.1014544067961218,0.012745203711060415,-0.045313358525723324,-0.30445385555919174,0.17027320372807753,0.04428819828473196,0.3500413547578504,0.036919986252066495,-0.2561225835130973,0.19155063719364582,0.17997217378983774,-0.018022450272635826,0.02756614895461479,-0.03543301453787931,0.1333591238868343,-0.012083950695235768,0.0775538658815604
-0.03112111196643377,-0.007311148783088179,0.13341474690385874,0.03501223432862429,0.164238877265059,-0.2973174690396937,0.014183703579579977,0.1513990210719932,0.05937318574093736,-0.06571813215378637,-0.16516513224996962,-0.061218592053640844,-0.1754254499766158,0.2408238881776314,0.06202129608622606,0.05934906182786474,-0.12393982531525104,-0.1214948547731925,0.051620484239446804,-0.08265479210978831,-0.12466972722850464,0.04646437605481608,0.2650354130111231,0.3029245993725212,-0.170933557391598,0.09107619754851268,0.06929456963645447,0.2661542432702003,-0.1734086150819705,-0.10606459264551457,0.0438767391239841,-0.17972840359726455,0.2768171738380518,0.15435905730868935,0.011712519382550787,0.04817965536488647,0.02348914029476351,-0.3127411791847498,-0.18924935875008858,-0.012048852786331027,-0.11472804465196926,-0.040122912869346744,-0.12562318851388624,0.16583449349022553,-0.05596973579530662
-0.02406238665759809,-0.06859147885363345,-0.036059384145639015,-0.04234832045871713,-0.21306153974844075,0.12522390936555614,0.00029576427338574157,-0.01819357316881232,-0.011289750680767823,-0.0047740119344498125,-0.03890257847062434,-0.033567096127027754,-0.10041723671633822,-0.00593575767054598,0.02810182926158124,-0.027788827045940358,-0.12167381829442098,0.1109697991666689,0.0022928779072937527,-0.2428103143501609,-0.05943514022128163,-0.08345440105204022,-0.005315129519338911,0.22741929866213295,0.09608716514441791,-0.06815728149251597,-0.36528110240836154,-0.007394935331790128,-0.02402668364872467,-0.1269841053740355,0.04580852635275566,0.22370483601872232,0.2083020765331544,0.24929682839668643,-0.34173890747590313,-0.09583078130653011,-0.15518985304891603,0.23675218344834736,-0.028153813843016545,0.025201863293581483,-0.09542446787305309,0.16016698673489907,0.29342045231076563,0.3330488335669215,0.0797694464817641
-0.1463940457862921,0.039092800234626496,0.03727337752481097,0.05548348767909274,0.07787519071418704,0.18490230352933484,-0.061245505835382824,0.0884945851333843,0.10298348673159086,-0.058172405217740135,-0.0911629253228461,-0.19126056540409098,-0.011027182998464613,-0.09318226721130626,0.2479589766462079,0.020812976862959912,0.06838615790162393,-0.08481153018420276,-0.2836475951356293,0.17220818713242408,-0.38987502403087565,-0.03471846026462197,0.09517963075649491,0.07976675023092135,0.06954893690535079,0.04056720873785817,-0.09975567000903868,0.05763006526900705,0.07176716188419016,0.0058130820490088775,-0.09182934456208248,-0.14961832361205518,-0.19261284463339934,0.14033804776395384,0.19185679654945567,0.17744927262159743,-0.007974262154980948,0.3080315982565135,-0.2413093545421729,0.2286651831968767,-0.22141510651030277,0.020128924132528647,0.14724266470583636,-0.1847465748832975,-0.09469786485105497
0.10033263041543045,-0.03832153707647529,0.057102519828087714,0.013675903437922715,-0.3286743264178894,0.16121348267600755,-0.19570027566013137,0.08248268180045626,0.1958758197004023,0.1819144207262979,-0.17535582591475282,-0.3495234290266393,-0.08387544595525248,-0.028700645076814718,0.24010689905266466,0.0158408830453092,-0.06177921307885951,0.08176899932642749,0.15662461642547834,0.026453135983963746,0.12132832548812894,-0.1434373342043077,-0.11402325451382295,-0.05196539056436417,-0.0024475620488384475,-0.00828232599562162,0.46323084308580714,0.022482514295336126,-0.2532629137215057,-0.11381178226461736,-0.02114067831982752,0.04527534618177756,0.002665260628299526,-0.1350762817576349,0.08330108825933137,-0.0568621682775014,0.09317797570676209,0.0661256252270433,-0.14097899276266737,-0.11427229068133624,-0.06094560349018324,-0.10134782727132524,0.1255497600550849,0.10539116179106499,0.13786521094328696
0.0008044912340602791,-0.0666361416904519,0.03567860525439857,0.006314615043677639,0.24484489779200078,-0.12437882786962101,0.032049317494616134,-0.19199803809098992,0.1913703706684925,-0.0377645003026065,0.18863170361255283,-0.4389405167415074,-0.06442349395924163,0.039161960279234194,0.016761864106431767,-0.1105840563360425,-0.03476806044172445,0.07460123239895129,-0.021019058906463894,-0.16634147633077603,0.12199338349231001,0.06322975067582934,-0.1540643229475635,0.08393547584153895,-0.10325813950491257,-0.04156495306341866,-0.15584543288650093,0.06936254336128751,-0.11916356146956986,-0.02748768451588609,-0.004034527300316661,0.3273208017651659,-0.2221311432071596,-0.042615238100586594,0.3084904161621167,0.08935956536608422,-0.01653532095484439,0.016788355536032886,0.21291171581330498,0.17026406618160378,0.0031609617293474473,-0.0608730510003101,-0.07870713910746,0.22661264912687676,-0.2405140582079464
0.08293241202986076,-0.10515582450660718,-0.04436922799267327,0.01619686757538591,-0.1521252928359361,0.3443117292515687,0.034594230600703005,0.17636922818060882,0.15847603049707176,-0.021964222662450093,-0.21051245345071562,-0.08987770063371657,-0.009326600876069485,0.10834999150072533,-0.29734607207069264,0.10071892996718079,-0.09419952725946329,0.012261778610008517,0.005618043998725536,-0.05997017244091346,-0.26969058468197926,0.048485072398943715,-0.019097161078062648,0.2530826647789438,-0.02768201385602781,0.0916628376839567,0.05769913995896675,-0.04630804535786204,-0.13866620789927855,0.048802272575477645,-0.030417795877156206,0.11013472186995138,-0.04557245932716375,0.17673803860443327,-0.03531661723034543,0.016943987751093917,-0.0032572202229577234,-0.07665821505172318,0.4747712083945944,-0.022715172143564513,0.06323247594421057,-0.02677455261556545,-0.1935440783404115,-0.32545167817958137,-0.03538276558149599
-0.09713835858419079,0.010298240849199485,0.024489858677964126,-0.024679778486427995,-0.09318262979848763,0.03044463112787811,-0.055983348744579706,0.004086945328986402,0.10160939639183576,0.08638180823299595,-0.29222299882381564,0.21967994574304955,-0.14233336814314218,0.04848440411391186,0.31673186903965966,0.0624912804474447,0.19254281976477827,-0.08767039848126579,-0.07985581210122752,-0.1497828387529058,0.29710722351574803,0.07491815793454887,0.09190853629953344,0.2456176210532106,0.07901736820396871,-0.11152271985209894,-0.21908115606629927,0.06538392019275874,0.0635140908816487,-0.10785213499492641,0.07080670274817674,0.13963529821803666,-0.44013784535446265,-0.003097030063572266,0.04769063662282983,-0.1482084919660171,0.031113167368433257,-0.2419107227096146,-0.06295687314791348,-0.022647105922872134,0.17524761804523267,-0.021343690963835697,0.0011156261021805,-0.17098073095167543,0.09227086700531448
-0.1490711984999854,-0.14907119849998623,-0.14907119849998507,-0.1490711984999865,-0.1490711984999855,-0.14907119849998735,-0.149071198499985,-0.14907119849998662,-0.149071198499985,-0.1490711984999863,-0.1490711984999866,-0.14907119849998685,-0.14907119849998623,-0.14907119849998635,-0.14907119849998615,-0.14907119849998735,-0.1490711984999864,-0.14907119849998524,-0.14907119849998632,-0.14907119849998707,-0.14907119849998646,-0.14907119849998549,-0.14907119849998623,-0.14907119849998543,-0.149071198499986,-0.14907119849998565,-0.14907119849998576,-0.14907119849998554,-0.14907119849998732,-0.14907119849998637,-0.149071198499986,-0.14907119849998493,-0.14907119849998515,-0.14907119849998493,-0.14907119849998568,-0.14907119849998557,-0.14907119849998643,-0.14907119849998593,-0.1490711984999866,-0.14907119849998546,-0.14907119849998587,-0.14907119849998593,-0.14907119849998482,-0.14907119849998512,-0.1490711984999863
